Nombre,Precio,Link
Joy Burgers,"$ 449,00",/restaurantes/214130-joy-burgers
The Burger Company,"$ 409,00",/restaurantes/111120-the-burger-company
Tierra de Nadie,"$ 469,00",/restaurantes/133795-tierra-de-nadie
Mcdonald's,"$ 539,00",/restaurantes/114153-mcdonalds
Burger Couple,"$ 339,00",/restaurantes/187637-burger-couple
Fat Broder,"$ 479,00",/restaurantes/112136-fat-broder
Burgertify,"$ 539,00",/restaurantes/114252-burgertify
Williamsburg,"$ 779,00",/restaurantes/112875-williamsburg
Arredondo,"$ 1.029,00",/restaurantes/124434-arredondo
La Birra Bar,"$ 349,00",/restaurantes/128752-la-birra-bar
Deniro Hamburgueseria,"$ 409,00",/restaurantes/201093-deniro-hamburgueseria
Burger King,"$ 379,00",/restaurantes/124987-burger-king
Kb Fast Good At Mercado Soho,"$ 449,00",/restaurantes/151924-kb-fast-good-at-mercado-soho
Mostaza,"$ 379,00",/restaurantes/200778-mostaza
The Food Truck Store,"$ 1.059,00",/restaurantes/131958-the-food-truck-store
Perez H,"$ 339,00",/restaurantes/118605-perez-h
4090 Burger & Fries,"$ 729,00",/restaurantes/205728-4090-burger-y-fries
Wendy's,"$ 969,00",/restaurantes/115029-wendys
Voraz,"$ 1.199,00",/restaurantes/132433-voraz
Dean & Dennys,"$ 449,00",/restaurantes/98-dean-y-dennys
Burger King Desayunos del Rey,"$ 379,00",/restaurantes/140470-burger-king-desayunos-del-rey
Burger King Reino Vegetal,"$ 379,00",/restaurantes/204416-burger-king-reino-vegetal
Mcdonald´s Turbo,"$ 379,00",/restaurantes/219511-mcdonalds-turbo
Cervelar,"$ 469,00",/restaurantes/114258-cervelar
7167 Burger & Drinks,"$ 939,00",/restaurantes/188462-7167-burger-y-drinks
Perez H Verde,"$ 649,00",/restaurantes/205575-perez-h-verde
Mid Burguer,"$ 379,00",/restaurantes/216359-mid-burguer
Gourmet Class,"$ 649,00",/restaurantes/130103-gourmet-class
Gastón Asesino,"$ 339,00",/restaurantes/141324-gaston-asesino
Antares Plaza Houssay,"$ 1.059,00",/restaurantes/185957-antares-plaza-houssay
Angus Brother,"$ 829,00",/restaurantes/217348-angus-brother
Marlon,"$ 449,00",/restaurantes/122287-marlon
Balu,"$ 1.199,00",/restaurantes/212768-balu
Guiri Burgers,"$ 939,00",/restaurantes/216621-guiri-burgers
Club de la Birra,"$ 729,00",/restaurantes/219544-club-de-la-birra
Pancho Gourmet,"$ 1.059,00",/restaurantes/131071-pancho-gourmet
Mawa,"$ 1.059,00",/restaurantes/207802-mawa
Refugio Patagonia,"$ 449,00",/restaurantes/219172-refugio-patagonia
La Guaira Burguer,"$ 1.199,00",/restaurantes/220569-la-guaira-burguer
Xmash,"$ 539,00",/restaurantes/221180-xmash
Keller Serrano,"$ 539,00",/restaurantes/220375-keller-serrano
The Burger Company - Turbo,"$ 409,00",/restaurantes/221511-the-burger-company-turbo
Mirana Burger,"$ 409,00",/restaurantes/222177-mirana-burger
Bola Street,"$ 449,00",/restaurantes/220492-bola-street
Vegan Class,"$ 649,00",/restaurantes/130104-vegan-class
Maradona (10),"$ 1.359,00",/restaurantes/215601-maradona-10
Big Food,"$ 449,00",/restaurantes/118405-big-food
El Viejo,"$ 1.059,00",/restaurantes/222495-el-viejo
Aymara Cocina,"$ 1.059,00",/restaurantes/207887-aymara-cocina
Cervecería IPA,"$ 539,00",/restaurantes/112022-cerveceria-ipa
Distrito Burger,"$ 849,00",/restaurantes/113388-distrito-burger
